bootstrap_project	c2510db4acc4b96bd07bcfe08eedf6d2c8f6105a4724289c6bc59a5f07bf6821
brainstorm_quick	1578eb690cb1bb83e4cc90e339a7fbc5bbfac5833bd1cb20300137aea1067501
create_domain_contract	8d6a0f513ef37c34592bc8433607a332ef2b799154a0f87350b4fa834bbbcfe3
create_mle_agent_package	702379153e1828e8c292abc3090b994cf7e0591c72140c0c418a2c2b10781892
generate_e2e_tests	bd1baf6536593a05e9a6ad768ea73193537b9b502d953f14743e89fe348a3c64
generate_implementation_docs	c84fc5edccfbc3587583aeff41120a7f8923c48eeacac36265e4eb78c3ec0db7
generate_migration_plan	3fb8b3f2625b69ac60c92061967d0f94a5392eed5df15776dc49c6faa45e7bb9
plan_and_execute_feature	e5cc7624394b125346ff054c0239f1e342011b5ea573bf53303478cf7fd4ce95
refactor_to_clean_architecture	b2e5a7799b66c516f4c49e05bbe9e2e39366648c32d55d395f27d302bb0289d0
research_current_info	71f2c2040304551e40897afa260ce6912ef3c6cea44a980437a9087dca850b82
validate_module_structure	ce844fea548597600ec9b8ae63b5347466a28bd645fc1487d18d751dbba3ee42
brainstorming	0ea594ba5d8593222ec18646306efbf7a2f394f02ec3d6bb7e37f3fad9c003cd
executing-plans	a77a7ed92a9dcf29eb06164e5a592303f89d19ddc84ba220cdce3a25c1c1bbb3
finishing-a-development-branch	8d3118a601de6f9d9f49b30fbe266b22f729c1c9b0043d8b6c74738534f72b92
requesting-code-review	2dd6aee36d88c71e0c57661462508e8fdc7a2bc4bd75ef16213746f656e6387a
subagent-driven-development	882f6c7e0544f0ee3e7e24be76c8e5fc2c54ef80f275b0079ecbe4d507f0fb69
test-driven-development	2e454b94c723b0c89f629d2622e4e073eaff8cc2504c4fdaf9bd766aa5031385
ui-ux-pro-max	f31c90e1157c263f6ff8fdc17a89bf0b8a4834bc7e4cea7134734f460e313413
using-git-worktrees	0a714da771cbb6b7141dddb73c6471723720339eb19c2af0062ab5a1c75776ff
writing-clearly-and-concisely	fdf15dc82c2744b8667da7ba11d9ba54a4db2caab5b282ecc2fb8f6048fc5a98
writing-plans	19333b94cdf25f7f0776b25aeb4329737e9925eb51920d640e9fc3af6a564be5
